date,World Cup Qualif,Team_home,Team_away,Goals_home,Goals_away
1996-04-24,1998,Venezuela,Uruguay,0.0,2.0
1996-04-24,1998,Ecuador,Peru,4.0,1.0
1996-04-24,1998,Colombia,Paraguay,1.0,0.0
1996-04-24,1998,Argentina,Bolivia,3.0,1.0
1996-06-02,1998,Ecuador,Argentina,2.0,0.0
1996-06-02,1998,Uruguay,Paraguay,0.0,2.0
1996-06-02,1998,Venezuela,Chile,1.0,1.0
1996-06-02,1998,Peru,Colombia,1.0,1.0
1996-07-06,1998,Chile,Ecuador,4.0,1.0
1996-07-07,1998,Colombia,Uruguay,3.0,1.0
1996-07-07,1998,Peru,Argentina,0.0,0.0
1996-07-07,1998,Bolivia,Venezuela,6.0,1.0
1996-09-01,1998,Ecuador,Venezuela,1.0,0.0
1996-09-01,1998,Bolivia,Peru,0.0,0.0
1996-09-01,1998,Colombia,Chile,4.0,1.0
1996-09-01,1998,Argentina,Paraguay,1.0,1.0
1996-10-08,1998,Uruguay,Bolivia,1.0,0.0
1996-10-09,1998,Ecuador,Colombia,0.0,1.0
1996-10-09,1998,Venezuela,Argentina,2.0,5.0
1996-10-09,1998,Paraguay,Chile,2.0,1.0
1996-11-10,1998,Bolivia,Colombia,2.0,2.0
1996-11-10,1998,Peru,Venezuela,4.0,1.0
1996-11-10,1998,Paraguay,Ecuador,1.0,0.0
1996-11-12,1998,Chile,Uruguay,1.0,0.0
1996-12-15,1998,Bolivia,Paraguay,0.0,0.0
1996-12-15,1998,Venezuela,Colombia,0.0,2.0
1996-12-15,1998,Argentina,Chile,1.0,1.0
1996-12-15,1998,Uruguay,Peru,2.0,0.0
1997-01-12,1998,Venezuela,Paraguay,0.0,2.0
1997-01-12,1998,Bolivia,Ecuador,2.0,0.0
1997-01-12,1998,Uruguay,Argentina,0.0,0.0
1997-01-12,1998,Peru,Chile,2.0,1.0
1997-02-11,1998,Ecuador,Uruguay,4.0,0.0
1997-02-12,1998,Bolivia,Chile,1.0,1.0
1997-02-12,1998,Colombia,Argentina,0.0,1.0
1997-02-12,1998,Paraguay,Peru,2.0,1.0
1997-04-02,1998,Bolivia,Argentina,2.0,1.0
1997-04-02,1998,Peru,Ecuador,1.0,1.0
1997-04-02,1998,Uruguay,Venezuela,3.0,1.0
1997-04-02,1998,Paraguay,Colombia,2.0,1.0
1997-04-29,1998,Chile,Venezuela,6.0,0.0
1997-04-30,1998,Argentina,Ecuador,2.0,1.0
1997-04-30,1998,Paraguay,Uruguay,3.0,1.0
1997-04-30,1998,Colombia,Peru,0.0,1.0
1997-06-08,1998,Ecuador,Chile,1.0,1.0
1997-06-08,1998,Argentina,Peru,2.0,0.0
1997-06-08,1998,Uruguay,Colombia,1.0,1.0
1997-06-08,1998,Venezuela,Bolivia,1.0,1.0
1997-07-05,1998,Chile,Colombia,4.0,1.0
1997-07-06,1998,Paraguay,Argentina,1.0,2.0
1997-07-06,1998,Peru,Bolivia,2.0,1.0
1997-07-06,1998,Venezuela,Ecuador,1.0,1.0
1997-07-20,1998,Argentina,Venezuela,2.0,0.0
1997-07-20,1998,Bolivia,Uruguay,1.0,0.0
1997-07-20,1998,Colombia,Ecuador,1.0,0.0
1997-07-20,1998,Chile,Paraguay,2.0,1.0
1997-08-20,1998,Uruguay,Chile,1.0,0.0
1997-08-20,1998,Colombia,Bolivia,3.0,0.0
1997-08-20,1998,Ecuador,Paraguay,2.0,1.0
1997-08-20,1998,Venezuela,Peru,0.0,3.0
1997-09-10,1998,Chile,Argentina,1.0,2.0
1997-09-10,1998,Peru,Uruguay,2.0,1.0
1997-09-10,1998,Colombia,Venezuela,1.0,0.0
1997-09-10,1998,Paraguay,Bolivia,2.0,1.0
1997-10-12,1998,Argentina,Uruguay,0.0,0.0
1997-10-12,1998,Chile,Peru,4.0,0.0
1997-10-12,1998,Paraguay,Venezuela,1.0,0.0
1997-10-12,1998,Ecuador,Bolivia,1.0,0.0
1997-11-16,1998,Argentina,Colombia,1.0,1.0
1997-11-16,1998,Uruguay,Ecuador,5.0,3.0
1997-11-16,1998,Peru,Paraguay,1.0,0.0
1997-11-16,1998,Chile,Bolivia,3.0,0.0
2000-03-28,2002,Colombia,Brazil,0.0,0.0
2000-03-29,2002,Ecuador,Venezuela,2.0,0.0
2000-03-29,2002,Uruguay,Bolivia,1.0,0.0
2000-03-29,2002,Peru,Paraguay,2.0,0.0
2000-03-29,2002,Argentina,Chile,4.0,1.0
2000-04-26,2002,Bolivia,Colombia,1.0,1.0
2000-04-26,2002,Venezuela,Argentina,0.0,4.0
2000-04-26,2002,Paraguay,Uruguay,1.0,0.0
2000-04-26,2002,Chile,Peru,1.0,1.0
2000-04-26,2002,Brazil,Ecuador,3.0,2.0
2000-06-03,2002,Uruguay,Chile,2.0,1.0
2000-06-03,2002,Paraguay,Ecuador,3.0,1.0
2000-06-04,2002,Argentina,Bolivia,1.0,0.0
2000-06-04,2002,Peru,Brazil,0.0,1.0
2000-06-04,2002,Colombia,Venezuela,3.0,0.0
2000-06-28,2002,Venezuela,Bolivia,4.0,2.0
2000-06-28,2002,Brazil,Uruguay,1.0,1.0
2000-06-29,2002,Ecuador,Peru,2.0,1.0
2000-06-29,2002,Chile,Paraguay,3.0,1.0
2000-06-29,2002,Colombia,Argentina,1.0,3.0
2000-07-18,2002,Uruguay,Venezuela,3.0,1.0
2000-07-18,2002,Paraguay,Brazil,2.0,1.0
2000-07-19,2002,Bolivia,Chile,1.0,0.0
2000-07-19,2002,Argentina,Ecuador,2.0,0.0
2000-07-19,2002,Peru,Colombia,0.0,1.0
2000-07-25,2002,Ecuador,Colombia,0.0,0.0
2000-07-25,2002,Venezuela,Chile,0.0,2.0
2000-07-26,2002,Uruguay,Peru,0.0,0.0
2000-07-26,2002,Brazil,Argentina,3.0,1.0
2000-07-27,2002,Bolivia,Paraguay,0.0,0.0
2000-08-15,2002,Colombia,Uruguay,1.0,0.0
2000-08-15,2002,Chile,Brazil,3.0,0.0
2000-08-16,2002,Ecuador,Bolivia,2.0,0.0
2000-08-16,2002,Argentina,Paraguay,1.0,1.0
2000-08-16,2002,Peru,Venezuela,1.0,0.0
2000-09-02,2002,Paraguay,Venezuela,3.0,0.0
2000-09-02,2002,Chile,Colombia,0.0,1.0
2000-09-03,2002,Uruguay,Ecuador,4.0,0.0
2000-09-03,2002,Peru,Argentina,1.0,2.0
2000-09-03,2002,Brazil,Bolivia,5.0,0.0
2000-10-07,2002,Colombia,Paraguay,0.0,2.0
2000-10-08,2002,Venezuela,Brazil,0.0,6.0
2000-10-08,2002,Ecuador,Chile,1.0,0.0
2000-10-08,2002,Bolivia,Peru,1.0,0.0
2000-10-08,2002,Argentina,Uruguay,2.0,1.0
2000-11-15,2002,Bolivia,Uruguay,0.0,0.0
2000-11-15,2002,Brazil,Colombia,1.0,0.0
2000-11-15,2002,Paraguay,Peru,5.0,1.0
2000-11-15,2002,Venezuela,Ecuador,1.0,2.0
2000-11-15,2002,Chile,Argentina,0.0,2.0
2001-03-27,2002,Colombia,Bolivia,2.0,0.0
2001-03-27,2002,Peru,Chile,3.0,1.0
2001-03-28,2002,Ecuador,Brazil,1.0,0.0
2001-03-28,2002,Uruguay,Paraguay,0.0,1.0
2001-03-28,2002,Argentina,Venezuela,5.0,0.0
2001-04-24,2002,Ecuador,Paraguay,2.0,1.0
2001-04-24,2002,Venezuela,Colombia,2.0,2.0
2001-04-24,2002,Chile,Uruguay,0.0,1.0
2001-04-25,2002,Bolivia,Argentina,3.0,3.0
2001-04-25,2002,Brazil,Peru,1.0,1.0
2001-06-02,2002,Peru,Ecuador,1.0,2.0
2001-06-02,2002,Paraguay,Chile,1.0,0.0
2001-06-03,2002,Argentina,Colombia,3.0,0.0
2001-06-03,2002,Bolivia,Venezuela,5.0,0.0
2001-07-01,2002,Uruguay,Brazil,1.0,0.0
2001-08-14,2002,Venezuela,Uruguay,2.0,0.0
2001-08-14,2002,Chile,Bolivia,2.0,2.0
2001-08-15,2002,Ecuador,Argentina,0.0,2.0
2001-08-15,2002,Brazil,Paraguay,2.0,0.0
2001-08-16,2002,Colombia,Peru,0.0,1.0
2001-09-04,2002,Chile,Venezuela,0.0,2.0
2001-09-04,2002,Peru,Uruguay,0.0,2.0
2001-09-05,2002,Paraguay,Bolivia,5.0,1.0
2001-09-05,2002,Argentina,Brazil,2.0,1.0
2001-09-05,2002,Colombia,Ecuador,0.0,0.0
2001-10-06,2002,Bolivia,Ecuador,1.0,5.0
2001-10-06,2002,Venezuela,Peru,3.0,0.0
2001-10-07,2002,Uruguay,Colombia,1.0,1.0
2001-10-07,2002,Brazil,Chile,2.0,0.0
2001-10-07,2002,Paraguay,Argentina,2.0,2.0
2001-11-07,2002,Colombia,Chile,3.0,1.0
2001-11-07,2002,Ecuador,Uruguay,1.0,1.0
2001-11-07,2002,Bolivia,Brazil,3.0,1.0
2001-11-08,2002,Argentina,Peru,2.0,0.0
2001-11-08,2002,Venezuela,Paraguay,3.0,1.0
2001-11-14,2002,Peru,Bolivia,1.0,1.0
2001-11-14,2002,Uruguay,Argentina,1.0,1.0
2001-11-14,2002,Chile,Ecuador,0.0,0.0
2001-11-14,2002,Paraguay,Colombia,0.0,4.0
2001-11-14,2002,Brazil,Venezuela,3.0,0.0
2003-09-06,2006,Ecuador,Venezuela,2.0,0.0
2003-09-06,2006,Argentina,Chile,2.0,2.0
2003-09-06,2006,Peru,Paraguay,4.0,1.0
2003-09-07,2006,Uruguay,Bolivia,5.0,0.0
2003-09-07,2006,Colombia,Brazil,1.0,2.0
2003-09-09,2006,Venezuela,Argentina,0.0,3.0
2003-09-09,2006,Chile,Peru,2.0,1.0
2003-09-10,2006,Bolivia,Colombia,4.0,0.0
2003-09-10,2006,Paraguay,Uruguay,4.0,1.0
2003-09-10,2006,Brazil,Ecuador,1.0,0.0
2003-11-15,2006,Uruguay,Chile,2.0,1.0
2003-11-15,2006,Colombia,Venezuela,0.0,1.0
2003-11-15,2006,Paraguay,Ecuador,2.0,1.0
2003-11-15,2006,Argentina,Bolivia,3.0,0.0
2003-11-16,2006,Peru,Brazil,1.0,1.0
2003-11-18,2006,Venezuela,Bolivia,2.0,1.0
2003-11-18,2006,Chile,Paraguay,0.0,1.0
2003-11-19,2006,Ecuador,Peru,0.0,0.0
2003-11-19,2006,Colombia,Argentina,1.0,1.0
2003-11-19,2006,Brazil,Uruguay,3.0,3.0
2004-03-30,2006,Bolivia,Chile,0.0,2.0
2004-03-30,2006,Argentina,Ecuador,1.0,0.0
2004-03-31,2006,Uruguay,Venezuela,0.0,3.0
2004-03-31,2006,Peru,Colombia,0.0,2.0
2004-03-31,2006,Paraguay,Brazil,0.0,0.0
2004-06-01,2006,Bolivia,Paraguay,2.0,1.0
2004-06-01,2006,Venezuela,Chile,0.0,1.0
2004-06-01,2006,Uruguay,Peru,1.0,3.0
2004-06-02,2006,Ecuador,Colombia,2.0,1.0
2004-06-02,2006,Brazil,Argentina,3.0,1.0
2004-06-05,2006,Ecuador,Bolivia,3.0,2.0
2004-06-06,2006,Peru,Venezuela,0.0,0.0
2004-06-06,2006,Argentina,Paraguay,0.0,0.0
2004-06-06,2006,Colombia,Uruguay,5.0,0.0
2004-06-06,2006,Chile,Brazil,1.0,1.0
2004-09-04,2006,Peru,Argentina,1.0,3.0
2004-09-05,2006,Uruguay,Ecuador,1.0,0.0
2004-09-05,2006,Brazil,Bolivia,3.0,1.0
2004-09-05,2006,Paraguay,Venezuela,1.0,0.0
2004-09-05,2006,Chile,Colombia,0.0,0.0
2004-10-09,2006,Argentina,Uruguay,4.0,2.0
2004-10-09,2006,Bolivia,Peru,1.0,0.0
2004-10-09,2006,Colombia,Paraguay,1.0,1.0
2004-10-09,2006,Venezuela,Brazil,2.0,5.0
2004-10-10,2006,Ecuador,Chile,2.0,0.0
2004-10-12,2006,Bolivia,Uruguay,0.0,0.0
2004-10-13,2006,Paraguay,Peru,1.0,1.0
2004-10-13,2006,Chile,Argentina,0.0,0.0
2004-10-13,2006,Brazil,Colombia,0.0,0.0
2004-10-14,2006,Venezuela,Ecuador,3.0,1.0
2004-11-17,2006,Ecuador,Brazil,1.0,0.0
2004-11-17,2006,Colombia,Bolivia,1.0,0.0
2004-11-17,2006,Peru,Chile,2.0,1.0
2004-11-17,2006,Uruguay,Paraguay,1.0,0.0
2004-11-17,2006,Argentina,Venezuela,3.0,2.0
2005-03-26,2006,Bolivia,Argentina,1.0,2.0
2005-03-26,2006,Venezuela,Colombia,0.0,0.0
2005-03-26,2006,Chile,Uruguay,1.0,1.0
2005-03-27,2006,Brazil,Peru,1.0,0.0
2005-03-27,2006,Ecuador,Paraguay,5.0,2.0
2005-03-29,2006,Bolivia,Venezuela,3.0,1.0
2005-03-30,2006,Paraguay,Chile,2.0,1.0
2005-03-30,2006,Argentina,Colombia,1.0,0.0
2005-03-30,2006,Peru,Ecuador,2.0,2.0
2005-03-30,2006,Uruguay,Brazil,1.0,1.0
2005-06-04,2006,Colombia,Peru,5.0,0.0
2005-06-04,2006,Ecuador,Argentina,2.0,0.0
2005-06-04,2006,Venezuela,Uruguay,1.0,1.0
2005-06-04,2006,Chile,Bolivia,3.0,1.0
2005-06-05,2006,Brazil,Paraguay,4.0,1.0
2005-06-07,2006,Peru,Uruguay,0.0,0.0
2005-06-08,2006,Colombia,Ecuador,3.0,0.0
2005-06-08,2006,Chile,Venezuela,2.0,1.0
2005-06-08,2006,Paraguay,Bolivia,4.0,1.0
2005-06-08,2006,Argentina,Brazil,3.0,1.0
2005-09-03,2006,Bolivia,Ecuador,1.0,2.0
2005-09-03,2006,Paraguay,Argentina,1.0,0.0
2005-09-03,2006,Venezuela,Peru,4.0,1.0
2005-09-04,2006,Brazil,Chile,5.0,0.0
2005-09-04,2006,Uruguay,Colombia,3.0,2.0
2005-10-08,2006,Ecuador,Uruguay,0.0,0.0
2005-10-08,2006,Colombia,Chile,1.0,1.0
2005-10-08,2006,Venezuela,Paraguay,0.0,1.0
2005-10-09,2006,Bolivia,Brazil,1.0,1.0
2005-10-09,2006,Argentina,Peru,2.0,0.0
2005-10-12,2006,Peru,Bolivia,4.0,1.0
2005-10-12,2006,Paraguay,Colombia,0.0,1.0
2005-10-12,2006,Brazil,Venezuela,3.0,0.0
2005-10-12,2006,Chile,Ecuador,0.0,0.0
2005-10-12,2006,Uruguay,Argentina,1.0,0.0
2007-10-13,2010,Uruguay,Bolivia,5.0,0.0
2007-10-13,2010,Argentina,Chile,2.0,0.0
2007-10-13,2010,Ecuador,Venezuela,0.0,1.0
2007-10-13,2010,Peru,Paraguay,0.0,0.0
2007-10-14,2010,Colombia,Brazil,0.0,0.0
2007-10-16,2010,Venezuela,Argentina,0.0,2.0
2007-10-17,2010,Bolivia,Colombia,0.0,0.0
2007-10-17,2010,Chile,Peru,2.0,0.0
2007-10-17,2010,Paraguay,Uruguay,1.0,0.0
2007-10-17,2010,Brazil,Ecuador,5.0,0.0
2007-11-17,2010,Argentina,Bolivia,3.0,0.0
2007-11-17,2010,Colombia,Venezuela,1.0,0.0
2007-11-17,2010,Paraguay,Ecuador,5.0,1.0
2007-11-18,2010,Uruguay,Chile,2.0,2.0
2007-11-18,2010,Peru,Brazil,1.0,1.0
2007-11-20,2010,Venezuela,Bolivia,5.0,3.0
2007-11-20,2010,Colombia,Argentina,2.0,1.0
2007-11-21,2010,Ecuador,Peru,5.0,1.0
2007-11-21,2010,Brazil,Uruguay,2.0,1.0
2007-11-21,2010,Chile,Paraguay,0.0,3.0
2008-06-14,2010,Uruguay,Venezuela,1.0,1.0
2008-06-14,2010,Peru,Colombia,1.0,1.0
2008-06-15,2010,Paraguay,Brazil,2.0,0.0
2008-06-15,2010,Argentina,Ecuador,1.0,1.0
2008-06-15,2010,Bolivia,Chile,0.0,2.0
2008-06-17,2010,Uruguay,Peru,6.0,0.0
2008-06-18,2010,Bolivia,Paraguay,4.0,2.0
2008-06-18,2010,Ecuador,Colombia,0.0,0.0
2008-06-18,2010,Brazil,Argentina,0.0,0.0
2008-06-19,2010,Venezuela,Chile,2.0,3.0
2008-09-06,2010,Argentina,Paraguay,1.0,1.0
2008-09-06,2010,Ecuador,Bolivia,3.0,1.0
2008-09-06,2010,Colombia,Uruguay,0.0,1.0
2008-09-06,2010,Peru,Venezuela,1.0,0.0
2008-09-07,2010,Chile,Brazil,0.0,3.0
2008-09-09,2010,Paraguay,Venezuela,2.0,0.0
2008-09-10,2010,Uruguay,Ecuador,0.0,0.0
2008-09-10,2010,Chile,Colombia,4.0,0.0
2008-09-10,2010,Brazil,Bolivia,0.0,0.0
2008-09-10,2010,Peru,Argentina,1.0,1.0
2008-10-11,2010,Bolivia,Peru,3.0,0.0
2008-10-11,2010,Argentina,Uruguay,2.0,1.0
2008-10-11,2010,Colombia,Paraguay,0.0,1.0
2008-10-12,2010,Venezuela,Brazil,0.0,4.0
2008-10-12,2010,Ecuador,Chile,1.0,0.0
2008-10-14,2010,Bolivia,Uruguay,2.0,2.0
2008-10-15,2010,Paraguay,Peru,1.0,0.0
2008-10-15,2010,Chile,Argentina,1.0,0.0
2008-10-15,2010,Brazil,Colombia,0.0,0.0
2008-10-15,2010,Venezuela,Ecuador,3.0,1.0
2009-03-28,2010,Uruguay,Paraguay,2.0,0.0
2009-03-28,2010,Argentina,Venezuela,4.0,0.0
2009-03-28,2010,Colombia,Bolivia,2.0,0.0
2009-03-29,2010,Ecuador,Brazil,1.0,1.0
2009-03-29,2010,Peru,Chile,1.0,3.0
2009-03-31,2010,Venezuela,Colombia,2.0,0.0
2009-04-01,2010,Bolivia,Argentina,6.0,1.0
2009-04-01,2010,Ecuador,Paraguay,1.0,1.0
2009-04-01,2010,Chile,Uruguay,0.0,0.0
2009-04-01,2010,Brazil,Peru,3.0,0.0
2009-06-06,2010,Uruguay,Brazil,0.0,4.0
2009-06-06,2010,Bolivia,Venezuela,0.0,1.0
2009-06-06,2010,Argentina,Colombia,1.0,0.0
2009-06-06,2010,Paraguay,Chile,0.0,2.0
2009-06-07,2010,Peru,Ecuador,1.0,2.0
2009-06-10,2010,Ecuador,Argentina,2.0,0.0
2009-06-10,2010,Colombia,Peru,1.0,0.0
2009-06-10,2010,Brazil,Paraguay,2.0,1.0
2009-06-10,2010,Chile,Bolivia,4.0,0.0
2009-06-10,2010,Venezuela,Uruguay,2.0,2.0
2009-09-05,2010,Colombia,Ecuador,2.0,0.0
2009-09-05,2010,Peru,Uruguay,1.0,0.0
2009-09-05,2010,Paraguay,Bolivia,1.0,0.0
2009-09-05,2010,Argentina,Brazil,1.0,3.0
2009-09-05,2010,Chile,Venezuela,2.0,2.0
2009-09-09,2010,Bolivia,Ecuador,1.0,3.0
2009-09-09,2010,Uruguay,Colombia,3.0,1.0
2009-09-09,2010,Paraguay,Argentina,1.0,0.0
2009-09-09,2010,Brazil,Chile,4.0,2.0
2009-09-09,2010,Venezuela,Peru,3.0,1.0
2009-10-10,2010,Argentina,Peru,2.0,1.0
2009-10-10,2010,Colombia,Chile,2.0,4.0
2009-10-10,2010,Ecuador,Uruguay,1.0,2.0
2009-10-10,2010,Venezuela,Paraguay,1.0,2.0
2009-10-11,2010,Bolivia,Brazil,2.0,1.0
2009-10-14,2010,Peru,Bolivia,1.0,0.0
2009-10-14,2010,Brazil,Venezuela,0.0,0.0
2009-10-14,2010,Chile,Ecuador,1.0,0.0
2009-10-14,2010,Uruguay,Argentina,0.0,1.0
2009-10-14,2010,Paraguay,Colombia,0.0,2.0
2011-10-07,2014,Uruguay,Bolivia,4.0,2.0
2011-10-07,2014,Ecuador,Venezuela,2.0,0.0
2011-10-07,2014,Argentina,Chile,4.0,1.0
2011-10-07,2014,Peru,Paraguay,2.0,0.0
2011-10-11,2014,Bolivia,Colombia,1.0,2.0
2011-10-11,2014,Chile,Peru,4.0,2.0
2011-10-11,2014,Paraguay,Uruguay,1.0,1.0
2011-10-11,2014,Venezuela,Argentina,1.0,0.0
2011-11-11,2014,Argentina,Bolivia,1.0,1.0
2011-11-11,2014,Uruguay,Chile,4.0,0.0
2011-11-11,2014,Colombia,Venezuela,1.0,1.0
2011-11-11,2014,Paraguay,Ecuador,2.0,1.0
2011-11-15,2014,Colombia,Argentina,1.0,2.0
2011-11-15,2014,Ecuador,Peru,2.0,0.0
2011-11-15,2014,Chile,Paraguay,2.0,0.0
2011-11-15,2014,Venezuela,Bolivia,1.0,0.0
2012-06-02,2014,Uruguay,Venezuela,1.0,1.0
2012-06-02,2014,Bolivia,Chile,0.0,2.0
2012-06-02,2014,Argentina,Ecuador,4.0,0.0
2012-06-03,2014,Peru,Colombia,0.0,1.0
2012-06-09,2014,Bolivia,Paraguay,3.0,1.0
2012-06-09,2014,Venezuela,Chile,0.0,2.0
2012-06-10,2014,Uruguay,Peru,4.0,2.0
2012-06-10,2014,Ecuador,Colombia,1.0,0.0
2012-09-07,2014,Colombia,Uruguay,4.0,0.0
2012-09-07,2014,Ecuador,Bolivia,1.0,0.0
2012-09-07,2014,Argentina,Paraguay,3.0,1.0
2012-09-07,2014,Peru,Venezuela,2.0,1.0
2012-09-11,2014,Chile,Colombia,1.0,3.0
2012-09-11,2014,Uruguay,Ecuador,1.0,1.0
2012-09-11,2014,Paraguay,Venezuela,0.0,2.0
2012-09-11,2014,Peru,Argentina,1.0,1.0
2012-10-12,2014,Bolivia,Peru,1.0,1.0
2012-10-12,2014,Colombia,Paraguay,2.0,0.0
2012-10-12,2014,Ecuador,Chile,3.0,1.0
2012-10-12,2014,Argentina,Uruguay,3.0,0.0
2012-10-16,2014,Bolivia,Uruguay,4.0,1.0
2012-10-16,2014,Venezuela,Ecuador,1.0,1.0
2012-10-16,2014,Paraguay,Peru,1.0,0.0
2012-10-16,2014,Chile,Argentina,1.0,2.0
2013-03-22,2014,Colombia,Bolivia,5.0,0.0
2013-03-22,2014,Uruguay,Paraguay,1.0,1.0
2013-03-22,2014,Argentina,Venezuela,3.0,0.0
2013-03-22,2014,Peru,Chile,1.0,0.0
2013-03-26,2014,Bolivia,Argentina,1.0,1.0
2013-03-26,2014,Ecuador,Paraguay,4.0,1.0
2013-03-26,2014,Chile,Uruguay,2.0,0.0
2013-03-26,2014,Venezuela,Colombia,1.0,0.0
2013-06-07,2014,Bolivia,Venezuela,1.0,1.0
2013-06-07,2014,Argentina,Colombia,0.0,0.0
2013-06-07,2014,Paraguay,Chile,1.0,2.0
2013-06-07,2014,Peru,Ecuador,1.0,0.0
2013-06-11,2014,Colombia,Peru,2.0,0.0
2013-06-11,2014,Ecuador,Argentina,1.0,1.0
2013-06-11,2014,Venezuela,Uruguay,0.0,1.0
2013-06-11,2014,Chile,Bolivia,3.0,1.0
2013-09-06,2014,Colombia,Ecuador,1.0,0.0
2013-09-06,2014,Paraguay,Bolivia,4.0,0.0
2013-09-06,2014,Chile,Venezuela,3.0,0.0
2013-09-06,2014,Peru,Uruguay,1.0,2.0
2013-09-10,2014,Bolivia,Ecuador,1.0,1.0
2013-09-10,2014,Uruguay,Colombia,2.0,0.0
2013-09-10,2014,Venezuela,Peru,3.0,2.0
2013-09-10,2014,Paraguay,Argentina,2.0,5.0
2013-10-11,2014,Colombia,Chile,3.0,3.0
2013-10-11,2014,Ecuador,Uruguay,1.0,0.0
2013-10-11,2014,Venezuela,Paraguay,1.0,1.0
2013-10-11,2014,Argentina,Peru,3.0,1.0
2013-10-15,2014,Paraguay,Colombia,1.0,2.0
2013-10-15,2014,Chile,Ecuador,2.0,1.0
2013-10-15,2014,Uruguay,Argentina,3.0,2.0
2013-10-15,2014,Peru,Bolivia,1.0,1.0
2015-10-08,2018,Bolivia,Uruguay,0.0,2.0
2015-10-08,2018,Colombia,Peru,2.0,0.0
2015-10-08,2018,Venezuela,Paraguay,0.0,1.0
2015-10-08,2018,Chile,Brazil,2.0,0.0
2015-10-08,2018,Argentina,Ecuador,0.0,2.0
2015-10-13,2018,Ecuador,Bolivia,2.0,0.0
2015-10-13,2018,Uruguay,Colombia,3.0,0.0
2015-10-13,2018,Paraguay,Argentina,0.0,0.0
2015-10-13,2018,Brazil,Venezuela,3.0,1.0
2015-10-13,2018,Peru,Chile,3.0,4.0
2015-11-12,2018,Bolivia,Venezuela,4.0,2.0
2015-11-12,2018,Ecuador,Uruguay,2.0,1.0
2015-11-12,2018,Chile,Colombia,1.0,1.0
2015-11-13,2018,Argentina,Brazil,1.0,1.0
2015-11-13,2018,Peru,Paraguay,1.0,0.0
2015-11-17,2018,Colombia,Argentina,0.0,1.0
2015-11-17,2018,Venezuela,Ecuador,1.0,3.0
2015-11-17,2018,Paraguay,Bolivia,2.0,1.0
2015-11-17,2018,Uruguay,Chile,3.0,0.0
2015-11-17,2018,Brazil,Peru,3.0,0.0
2016-03-24,2018,Bolivia,Colombia,2.0,3.0
2016-03-24,2018,Ecuador,Paraguay,2.0,2.0
2016-03-24,2018,Chile,Argentina,1.0,2.0
2016-03-24,2018,Peru,Venezuela,2.0,2.0
2016-03-25,2018,Brazil,Uruguay,2.0,2.0
2016-03-29,2018,Colombia,Ecuador,3.0,1.0
2016-03-29,2018,Uruguay,Peru,1.0,0.0
2016-03-29,2018,Venezuela,Chile,1.0,4.0
2016-03-29,2018,Argentina,Bolivia,2.0,0.0
2016-03-29,2018,Paraguay,Brazil,2.0,2.0
2016-09-01,2018,Bolivia,Peru,0.0,3.0
2016-09-01,2018,Colombia,Venezuela,2.0,0.0
2016-09-01,2018,Ecuador,Brazil,0.0,3.0
2016-09-01,2018,Argentina,Uruguay,1.0,0.0
2016-09-01,2018,Paraguay,Chile,2.0,1.0
2016-09-06,2018,Uruguay,Paraguay,4.0,0.0
2016-09-06,2018,Chile,Bolivia,3.0,0.0
2016-09-06,2018,Venezuela,Argentina,2.0,2.0
2016-09-06,2018,Brazil,Colombia,2.0,1.0
2016-09-06,2018,Peru,Ecuador,2.0,1.0
2016-10-06,2018,Ecuador,Chile,3.0,0.0
2016-10-06,2018,Uruguay,Venezuela,3.0,0.0
2016-10-06,2018,Paraguay,Colombia,0.0,1.0
2016-10-06,2018,Brazil,Bolivia,5.0,0.0
2016-10-06,2018,Peru,Argentina,2.0,2.0
2016-10-11,2018,Bolivia,Ecuador,2.0,2.0
2016-10-11,2018,Colombia,Uruguay,2.0,2.0
2016-10-11,2018,Argentina,Paraguay,0.0,1.0
2016-10-11,2018,Chile,Peru,2.0,1.0
2016-10-11,2018,Venezuela,Brazil,0.0,2.0
2016-11-10,2018,Colombia,Chile,0.0,0.0
2016-11-10,2018,Uruguay,Ecuador,2.0,1.0
2016-11-10,2018,Paraguay,Peru,1.0,4.0
2016-11-10,2018,Brazil,Argentina,3.0,0.0
2016-11-10,2018,Venezuela,Bolivia,5.0,0.0
2016-11-15,2018,Bolivia,Paraguay,1.0,0.0
2016-11-15,2018,Ecuador,Venezuela,3.0,0.0
2016-11-15,2018,Argentina,Colombia,3.0,0.0
2016-11-15,2018,Chile,Uruguay,3.0,1.0
2016-11-15,2018,Peru,Brazil,0.0,2.0
2017-03-23,2018,Colombia,Bolivia,1.0,0.0
2017-03-23,2018,Paraguay,Ecuador,2.0,1.0
2017-03-23,2018,Uruguay,Brazil,1.0,4.0
2017-03-23,2018,Argentina,Chile,1.0,0.0
2017-03-23,2018,Venezuela,Peru,2.0,2.0
2017-03-28,2018,Bolivia,Argentina,2.0,0.0
2017-03-28,2018,Ecuador,Colombia,0.0,2.0
2017-03-28,2018,Chile,Venezuela,3.0,1.0
2017-03-28,2018,Brazil,Paraguay,3.0,0.0
2017-03-28,2018,Peru,Uruguay,2.0,1.0
2017-08-31,2018,Venezuela,Colombia,0.0,0.0
2017-08-31,2018,Chile,Paraguay,0.0,3.0
2017-08-31,2018,Uruguay,Argentina,0.0,0.0
2017-08-31,2018,Brazil,Ecuador,2.0,0.0
2017-08-31,2018,Peru,Bolivia,2.0,1.0
2017-09-05,2018,Bolivia,Chile,1.0,0.0
2017-09-05,2018,Colombia,Brazil,1.0,1.0
2017-09-05,2018,Ecuador,Peru,1.0,2.0
2017-09-05,2018,Argentina,Venezuela,1.0,1.0
2017-09-05,2018,Paraguay,Uruguay,1.0,2.0
2017-10-05,2018,Bolivia,Brazil,0.0,0.0
2017-10-05,2018,Venezuela,Uruguay,0.0,0.0
2017-10-05,2018,Argentina,Peru,0.0,0.0
2017-10-05,2018,Chile,Ecuador,2.0,1.0
2017-10-05,2018,Colombia,Paraguay,1.0,2.0
2017-10-10,2018,Brazil,Chile,3.0,0.0
2017-10-10,2018,Ecuador,Argentina,1.0,3.0
2017-10-10,2018,Paraguay,Venezuela,0.0,1.0
2017-10-10,2018,Peru,Colombia,1.0,1.0
2017-10-10,2018,Uruguay,Bolivia,4.0,2.0
2020-10-08,2022,Paraguay,Peru,2.0,2.0
2020-10-08,2022,Uruguay,Chile,2.0,1.0
2020-10-08,2022,Argentina,Ecuador,1.0,0.0
2020-10-09,2022,Colombia,Venezuela,3.0,0.0
2020-10-09,2022,Brazil,Bolivia,5.0,0.0
2020-10-13,2022,Bolivia,Argentina,1.0,2.0
2020-10-13,2022,Ecuador,Uruguay,4.0,2.0
2020-10-13,2022,Venezuela,Paraguay,0.0,1.0
2020-10-13,2022,Peru,Brazil,2.0,4.0
2020-10-13,2022,Chile,Colombia,2.0,2.0
2020-11-12,2022,Bolivia,Ecuador,2.0,3.0
2020-11-12,2022,Argentina,Paraguay,1.0,1.0
2020-11-13,2022,Colombia,Uruguay,0.0,3.0
2020-11-13,2022,Chile,Peru,2.0,0.0
2020-11-13,2022,Brazil,Venezuela,1.0,0.0
2020-11-17,2022,Venezuela,Chile,2.0,1.0
2020-11-17,2022,Ecuador,Colombia,6.0,1.0
2020-11-17,2022,Uruguay,Brazil,0.0,2.0
2020-11-17,2022,Paraguay,Bolivia,2.0,2.0
2020-11-17,2022,Peru,Argentina,0.0,2.0
2021-06-03,2022,Bolivia,Venezuela,3.0,1.0
2021-06-03,2022,Uruguay,Paraguay,0.0,0.0
2021-06-03,2022,Argentina,Chile,1.0,1.0
2021-06-03,2022,Peru,Colombia,0.0,3.0
2021-06-04,2022,Brazil,Ecuador,2.0,0.0
2021-06-08,2022,Ecuador,Peru,1.0,2.0
2021-06-08,2022,Venezuela,Uruguay,0.0,0.0
2021-06-08,2022,Colombia,Argentina,2.0,2.0
2021-06-08,2022,Paraguay,Brazil,0.0,2.0
2021-06-08,2022,Chile,Bolivia,1.0,1.0
2021-09-02,2022,Bolivia,Colombia,1.0,1.0
2021-09-02,2022,Ecuador,Paraguay,2.0,0.0
2021-09-02,2022,Venezuela,Argentina,1.0,3.0
2021-09-02,2022,Peru,Uruguay,1.0,1.0
2021-09-02,2022,Chile,Brazil,0.0,1.0
2021-09-05,2022,Brazil,Argentina,,
2021-09-05,2022,Ecuador,Chile,0.0,0.0
2021-09-05,2022,Uruguay,Bolivia,4.0,2.0
2021-09-05,2022,Paraguay,Colombia,1.0,1.0
2021-09-05,2022,Peru,Venezuela,1.0,0.0
2021-09-09,2022,Uruguay,Ecuador,1.0,0.0
2021-09-09,2022,Paraguay,Venezuela,2.0,1.0
2021-09-09,2022,Colombia,Chile,3.0,1.0
2021-09-09,2022,Argentina,Bolivia,3.0,0.0
2021-09-09,2022,Brazil,Peru,2.0,0.0
2021-10-07,2022,Uruguay,Colombia,0.0,0.0
2021-10-07,2022,Paraguay,Argentina,0.0,0.0
2021-10-07,2022,Venezuela,Brazil,1.0,3.0
2021-10-07,2022,Ecuador,Bolivia,3.0,0.0
2021-10-07,2022,Peru,Chile,2.0,0.0
2021-10-10,2022,Bolivia,Peru,1.0,0.0
2021-10-10,2022,Venezuela,Ecuador,2.0,1.0
2021-10-10,2022,Colombia,Brazil,0.0,0.0
2021-10-10,2022,Argentina,Uruguay,3.0,0.0
2021-10-10,2022,Chile,Paraguay,2.0,0.0
2021-10-14,2022,Bolivia,Paraguay,4.0,0.0
2021-10-14,2022,Colombia,Ecuador,0.0,0.0
2021-10-14,2022,Argentina,Peru,1.0,0.0
2021-10-14,2022,Chile,Venezuela,3.0,0.0
2021-10-14,2022,Brazil,Uruguay,4.0,1.0
2021-11-11,2022,Ecuador,Venezuela,1.0,0.0
2021-11-11,2022,Paraguay,Chile,0.0,1.0
2021-11-11,2022,Brazil,Colombia,1.0,0.0
2021-11-11,2022,Peru,Bolivia,3.0,0.0
2021-11-12,2022,Uruguay,Argentina,0.0,1.0
2021-11-16,2022,Bolivia,Uruguay,3.0,0.0
2021-11-16,2022,Venezuela,Peru,1.0,2.0
2021-11-16,2022,Colombia,Paraguay,0.0,0.0
2021-11-16,2022,Argentina,Brazil,0.0,0.0
2021-11-16,2022,Chile,Ecuador,0.0,2.0
2022-01-27,2022,Ecuador,Brazil,1.0,1.0
2022-01-27,2022,Paraguay,Uruguay,0.0,1.0
2022-01-27,2022,Chile,Argentina,1.0,2.0
2022-01-28,2022,Colombia,Peru,0.0,1.0
2022-01-28,2022,Venezuela,Bolivia,4.0,1.0
2022-02-01,2022,Bolivia,Chile,2.0,3.0
2022-02-01,2022,Uruguay,Venezuela,4.0,1.0
2022-02-01,2022,Argentina,Colombia,1.0,0.0
2022-02-01,2022,Brazil,Paraguay,4.0,0.0
2022-02-01,2022,Peru,Ecuador,1.0,1.0
2022-03-24,2022,Uruguay,Peru,,
2022-03-24,2022,Colombia,Bolivia,,
2022-03-24,2022,Brazil,Chile,,
2022-03-24,2022,Paraguay,Ecuador,,
2022-03-25,2022,Argentina,Venezuela,,
2022-03-29,2022,Peru,Paraguay,,
2022-03-29,2022,Venezuela,Colombia,,
2022-03-29,2022,Bolivia,Brazil,,
2022-03-29,2022,Chile,Uruguay,,
2022-03-29,2022,Ecuador,Argentina,,
